,pid
0,41c9744a-29f3-4d30-8d9f-b5238a25ef39
1,2fa05e4d-f020-47c6-b9ad-e6117089ab36
2,86220390-7ddc-48a0-b1c8-67a57161ad7a
3,0fff778a-547a-4cd6-a412-b2e8325ffe72
4,286bf993-f685-4161-baad-a8a6eca4c7b1
5,1428e29b-d95f-4d96-9dbc-c0e80624fb07
6,08c938d3-3ca9-4bd6-8e1f-118d65e89092
7,004ca8d6-98e7-469b-b7f8-1b6c2f0e9daf
8,d4f67a3b-79e4-4e76-818f-fa378637d82d
9,a3c3a104-5a88-4762-9594-9152d3de1f0d
10,060090ee-acc3-40ea-b066-587f2effb0f6
11,40e25e3f-98f1-432a-a5ba-9fb890c39150
12,e3ec9567-ace6-476e-a53d-b67fb9d14087
13,5297a7a9-60b5-4fbe-95da-2df6455a32b5
14,7276d877-5da6-4893-9f5d-2394a03c34c3
15,95bf1c09-f58d-47a1-9b59-fb8817346ae7
16,5ab3ac4a-1793-48bb-8c9e-2c295a9c8151
17,5f13dc95-5abe-4b8c-a5fb-3191b5e4209c
18,d6791250-1b7b-406f-9f90-ba66d1937d65
19,9e530f56-a435-4308-ae43-23833d8e2482
20,2815bcf7-c31f-4c83-ab61-2f02661e8d6b
21,07b77876-0565-41d8-bce4-b5765fc8961f
22,c4746c8a-819b-4004-ac40-3d3a76c0f74d
23,fa4f7b47-422a-4be1-9bb6-7ebfe53d2476
24,9d47bee9-ee22-4776-94bc-6eb72d520b2b
25,fb59cd0d-32b8-4179-a7e4-89738ebb57f3
26,bebc3603-2fba-45e2-a2f0-0979a5cf76db
27,6f080a17-60df-4d19-a335-a549eca61da9
28,0e47ad0d-a8f3-410c-8785-d9019e6c9a2d
29,56e328e6-ed36-4b6c-b728-57f4fe68ff6f
30,61358b08-5bc8-4e83-8912-fb1a7be4a9a7
31,a2b1a8f9-e207-4054-a132-6442fc19c7f3
32,c60fb4db-5361-4e17-b8fe-cf6ba68bb797
33,d4a8dfbf-ca2c-4c3f-a0e7-bf9d45ea5f70
34,e299d914-3247-424c-b35b-703523fd6c90
35,794d64fb-02dd-4bbf-a76a-19a2ea82be88
36,45fc2e6a-2c8c-4aed-b857-3acfdf91e628
37,2cfc533e-60c5-4076-bc98-92a8c59be5c8
38,ea57b31f-188f-47c0-b721-98c81c7719fe
39,f9385bbd-5ed6-4a66-9d95-2e7e7666c52a
40,b05085a2-df19-49df-aa59-4ea13548f2f9
41,fd394022-991f-416f-87de-180bdef69610
42,592fd6e5-cd46-4349-92e3-c7e0217e1b6e
43,362daea8-97b5-4ef4-bd55-ce57ab599203
44,e98f426e-3abb-44f1-94c1-23fc3dbd2730
45,8540b698-40e7-48c2-ab07-e35692c2ea14
46,b975629f-f81d-4a6a-acef-1ce4963c4e77
47,7ad162d7-01b2-4a83-9a4d-a7df641b288f
48,d739db59-e4db-4ef9-b574-32eef78d50a0
49,66873a8f-9735-47aa-acdd-6352040f209f
50,ea9802e8-2617-4fb0-b98b-10501907ba21
51,ca0ce6c6-7df7-41cf-9aa7-ee543dfe628d
52,201ab99d-8c03-4a53-b9ce-4ecf994b7536
53,536202fd-5bd8-475b-b3bd-08df40341c29
54,2bb7f406-b9d3-45eb-b863-0ed9934f13d9
55,ef5c5ae9-f803-4805-9119-75ee1abd8216
56,9e042926-b491-45e7-98e2-d221953f2467
57,4ff3c167-2aa0-4cde-b29c-e6df52215d5d
58,f690f74b-6778-4bab-adb1-bfc4bdb91ec4
59,335e7d53-f467-4306-b55a-354c801d872d
60,b5f4cac1-31bc-4460-9845-cc326d750f6f
61,4eb312e7-3dd6-43c6-9db2-6ea4ac2c43b9
62,ed31d124-55b6-4a96-b9f7-fe6e6cee452e
63,7ede4ffd-0c1b-423f-8747-0eec084192e2
64,58131857-0538-4108-b9a8-c335f0ca3f0c
65,68305ea2-a612-4d19-9275-207f8e746775
